title,director,year,country,genre,rating,rating_people,quote
肖申克的救赎,弗兰克·德拉邦特 Frank Darabont,1994,美国,犯罪 剧情,9.7,3130907,希望让人自由。
霸王别姬,陈凯歌 Kaige Chen,1993,中国大陆 中国香港,剧情 爱情 同性,9.6,2309865,风华绝代。
泰坦尼克号,詹姆斯·卡梅隆 James Cameron,1997,美国 墨西哥,剧情 爱情 灾难,9.5,2371950,失去的才是永恒的。 
阿甘正传,罗伯特·泽米吉斯 Robert Zemeckis,1994,美国,剧情 爱情,9.5,2328178,一部美国近现代史。
千与千寻,宫崎骏 Hayao Miyazaki,2001,日本,剧情 动画 奇幻,9.4,2418583,最好的宫崎骏，最好的久石让。 
美丽人生,罗伯托·贝尼尼 Roberto Benigni,1997,意大利,剧情 喜剧 爱情 战争,9.5,1420378,最美的谎言。
这个杀手不太冷,吕克·贝松 Luc Besson,1994,法国 美国,剧情 动作 犯罪,9.4,2461569,怪蜀黍和小萝莉不得不说的故事。
星际穿越,克里斯托弗·诺兰 Christopher Nolan,2014,美国 英国 加拿大,剧情 科幻 冒险,9.4,2046340,爱是一种力量，让我们超越时空感知它的存在。
盗梦空间,克里斯托弗·诺兰 Christopher Nolan,2010,美国 英国,剧情 科幻 悬疑 冒险,9.4,2224626,诺兰给了我们一场无法盗取的梦。
楚门的世界,彼得·威尔 Peter Weir,1998,美国,剧情 科幻,9.4,1902479,如果再也不能见到你，祝你早安，午安，晚安。
辛德勒的名单,史蒂文·斯皮尔伯格 Steven Spielberg,1993,美国,剧情 历史 战争,9.5,1199968,拯救一个人，就是拯救整个世界。
忠犬八公的故事,莱塞·霍尔斯道姆 Lasse Hallström,2009,美国 英国,剧情,9.4,1485555,永远都不能忘记你所爱的人。
海上钢琴师,朱塞佩·托纳多雷 Giuseppe Tornatore,1998,意大利,剧情 音乐,9.3,1804797,每个人都要走一条自己坚定了的路，就算是粉身碎骨。 
三傻大闹宝莱坞,拉库马·希拉尼 Rajkumar Hirani,2009,印度,剧情 喜剧 爱情 歌舞,9.2,1991402,英俊版憨豆，高情商版谢耳朵。
放牛班的春天,克里斯托夫·巴拉蒂 Christophe Barratier,2004,法国 瑞士 德国,剧情 音乐,9.3,1412709,天籁一般的童声，是最接近上帝的存在。 
机器人总动员,安德鲁·斯坦顿 Andrew Stanton,2008,美国,科幻 动画 冒险,9.3,1418836,小瓦力，大人生。
疯狂动物城,拜伦·霍华德 Byron Howard / 瑞奇·摩尔 Rich Moore,2016,美国,喜剧 动画 冒险,9.2,2132459,迪士尼给我们营造的乌托邦就是这样，永远善良勇敢，永远出乎意料。
无间道,刘伟强 / 麦兆辉,2002,中国香港,剧情 犯罪 惊悚,9.3,1488602,香港电影史上永不过时的杰作。
控方证人,比利·怀尔德 Billy Wilder,1957,美国,剧情 犯罪 悬疑 惊悚,9.6,655411,比利·怀德满分作品。
大话西游之大圣娶亲,刘镇伟 Jeffrey Lau,1995,中国香港 中国大陆,喜剧 爱情 奇幻 古装,9.2,1641584,一生所爱。
熔炉,黄东赫 Dong-hyuk Hwang,2011,韩国,剧情,9.3,997949,我们一路奋战不是为了改变世界，而是为了不让世界改变我们。
触不可及,奥利维·那卡什 Olivier Nakache / 艾力克·托兰达 Eric Toledano   主...,2011,法国,剧情 喜剧,9.3,1227380,满满温情的高雅喜剧。
教父,弗朗西斯·福特·科波拉 Francis Ford Coppola,1972,美国,剧情 犯罪,9.3,1051723,千万不要记恨你的对手，这样会让你失去理智。
寻梦环游记,李·昂克里奇 Lee Unkrich / 阿德里安·莫利纳 Adrian Molina,2017,美国,喜剧 动画 奇幻 音乐,9.1,1856509,死亡不是真的逝去，遗忘才是永恒的消亡。
当幸福来敲门,加布里尔·穆奇诺 Gabriele Muccino,2006,美国,剧情 传记 家庭,9.2,1624239,平民励志片。 
末代皇帝,贝纳尔多·贝托鲁奇 Bernardo Bertolucci,1987,英国 意大利 中国大陆 法国,剧情 传记 历史,9.3,974394,“不要跟我比惨，我比你更惨”再适合这部电影不过了。
龙猫,宫崎骏 Hayao Miyazaki,1988,日本,动画 奇幻 冒险,9.2,1356165,人人心中都有个龙猫，童年就永远不会消失。
哈利·波特与魔法石,Chris Columbus,2001,美国 英国,奇幻 冒险,9.2,1340766,童话世界的开端。
怦然心动,罗伯·莱纳 Rob Reiner,2010,美国,剧情 喜剧 爱情,9.1,1967836,真正的幸福是来自内心深处。
活着,张艺谋 Yimou Zhang,1994,中国大陆 中国香港,剧情 历史 家庭,9.3,924375,张艺谋最好的电影。
蝙蝠侠：黑暗骑士,克里斯托弗·诺兰 Christopher Nolan,2008,美国 英国,剧情 动作 科幻 犯罪 惊悚,9.2,1144130,无尽的黑暗。
指环王3：王者无敌,彼得·杰克逊 Peter Jackson,2003,美国 新西兰,剧情 动作 奇幻 冒险,9.3,869502,史诗的终章。
我不是药神,文牧野 Muye Wen,2018,中国大陆,剧情 喜剧,9.0,2260747,对我们国家而言，这样的电影多一部是一部。
乱世佳人,维克多·弗莱明 Victor Fleming / 乔治·库克 George Cukor,1939,美国,剧情 历史 爱情 战争,9.3,750914,Tomorrow is another day.
飞屋环游记,彼特·道格特 Pete Docter / 鲍勃·彼德森 Bob Peterson,2009,美国,剧情 喜剧 动画 冒险,9.1,1430985,最后那些最无聊的事情，才是最值得怀念的。 
让子弹飞,姜文 Wen Jiang,2010,中国大陆 中国香港,剧情 喜剧 动作 西部,9.0,1838330,你给我翻译翻译，神马叫做TMD的惊喜。
哈尔的移动城堡,宫崎骏 Hayao Miyazaki,2004,日本,爱情 动画 奇幻 冒险,9.1,1211030,带着心爱的人在天空飞翔。
素媛,李濬益 Jun-ik Lee,2013,韩国,剧情,9.3,743458,受过伤害的人总是笑得最开心，因为他们不愿意让身边的人承受一样的痛苦。
十二怒汉,Sidney Lumet,1957,美国,剧情,9.4,545688,1957年的理想主义。 
海蒂和爷爷,阿兰·葛斯彭纳 Alain Gsponer,2015,德国 瑞士,剧情 冒险 家庭,9.3,717147,如果生活中有什么使你感到快乐，那就去做吧！不要管别人说什么。
猫鼠游戏,史蒂文·斯皮尔伯格 Steven Spielberg,2002,美国 加拿大,传记 犯罪 剧情,9.1,1139867,骗子大师和执著警探的你追我跑故事。 
天空之城,宫崎骏 Hayao Miyazaki,1986,日本,动画 奇幻 冒险,9.2,961571,对天空的追逐，永不停止。 
摔跤吧！爸爸,涅提·蒂瓦里 Nitesh Tiwari,2016,印度,剧情 传记 运动 家庭,9.0,1677387,你不是在为你一个人战斗，你要让千千万万的女性看到女生并不是只能相夫教子。
鬼子来了,姜文 Wen Jiang,2000,中国大陆,剧情 喜剧,9.3,680886,对敌人的仁慈，就是对自己残忍。
少年派的奇幻漂流,李安 Ang Lee,2012,美国 中国台湾 英国 加拿大,剧情 奇幻 冒险,9.1,1436638,瑰丽壮观、无人能及的冒险之旅。
钢琴家,罗曼·波兰斯基 Roman Polanski,2002,英国 法国 波兰 德国 美国,剧情 传记 战争 音乐,9.3,708668,
指环王2：双塔奇兵,彼得·杰克逊 Peter Jackson,2002,美国 新西兰,剧情 动作 奇幻 冒险,9.2,817760,承前启后的史诗篇章。
大话西游之月光宝盒,刘镇伟 Jeffrey Lau,1995,中国香港 中国大陆,喜剧 爱情 奇幻 古装,9.0,1307924,
死亡诗社,彼得·威尔 Peter Weir,1989,美国,剧情,9.2,819662,当一个死水般的体制内出现一个活跃的变数时，所有的腐臭都站在了光明的对面。
何以为家,娜丁·拉巴基 Nadine Labaki,2018,黎巴嫩 美国 法国 塞浦路斯 卡塔尔 英国,剧情,9.1,1122447,凝视卑弱生命，用电影改变命运。
闻香识女人,马丁·布莱斯 Martin Brest,1992,美国,剧情,9.1,973831,
绿皮书,彼得·法雷里 Peter Farrelly,2018,美国 中国大陆,剧情 喜剧 传记 音乐,8.9,1799216,去除成见，需要勇气。
大闹天宫,万籁鸣 Laiming Wan,1961(中国大陆),中国大陆,剧情 动画 奇幻 古装,9.4,482761,
黑客帝国,安迪·沃卓斯基 Andy Wachowski / 拉娜·沃卓斯基 Lana Wachowski   主...,1999,美国,动作 科幻,9.1,904653,
罗马假日,威廉·惠勒 William Wyler,1953,美国,喜剧 剧情 爱情,9.1,1009821,
指环王1：护戒使者,彼得·杰克逊 Peter Jackson,2001,新西兰 美国,剧情 动作 奇幻 冒险,9.1,917022,
教父2,弗朗西斯·福特·科波拉 Francis Ford Coppola,1974,美国,剧情 犯罪,9.3,604999,
天堂电影院,朱塞佩·托纳多雷 Giuseppe Tornatore,1988,意大利 法国,剧情 爱情,9.2,717401,
狮子王,Roger Allers / 罗伯·明可夫 Rob Minkoff,1994,美国,动画 冒险 歌舞,9.1,917580,
辩护人,杨宇硕 Woo-seok Yang,2013,韩国,剧情,9.2,635708,电影的现实意义大过电影本身。
饮食男女,李安 Ang Lee,1994,中国台湾 美国,剧情 家庭,9.2,680722,
搏击俱乐部,大卫·芬奇 David Fincher,1999,美国,剧情 动作 悬疑 惊悚,9.0,920790,
本杰明·巴顿奇事,大卫·芬奇 David Fincher,2008,美国,剧情 爱情 奇幻,9.0,1059228,在时间之河里感受溺水之苦。
美丽心灵,朗·霍华德 Ron Howard,2001,美国,传记 剧情,9.1,824397,
穿条纹睡衣的男孩,马克·赫尔曼 Mark Herman,2008,英国 美国,剧情 战争,9.2,615060,尽管有些不切实际的幻想，这部电影依旧是一部感人肺腑的佳作。
情书,岩井俊二 Shunji Iwai,1995,日本,剧情 爱情,8.9,1236849,
窃听风暴,弗洛里安·亨克尔·冯·多纳斯马尔克 Florian Henckel von Donnersmarck  &n...,2006,德国,剧情 悬疑,9.2,608967,别样人生。
两杆大烟枪,盖·里奇 Guy Ritchie,1998,英国,剧情 喜剧 犯罪,9.1,646207,
哈利·波特与死亡圣器(下),大卫·叶茨 David Yates,2011,美国 英国,奇幻 冒险,9.0,923253,10年的完美句点。
音乐之声,罗伯特·怀斯 Robert Wise,1965,美国,剧情 传记 爱情 歌舞,9.1,653329,
西西里的美丽传说,朱塞佩·托纳多雷 Giuseppe Tornatore,2000,意大利 美国,剧情 战争 情色,8.9,1051770,
阿凡达,詹姆斯·卡梅隆 James Cameron,2009,美国,动作 科幻 冒险,8.8,1514916,绝对意义上的美轮美奂。
功夫,周星驰 Stephen Chow,2004,中国大陆 中国香港,动作 喜剧 犯罪 奇幻,8.9,1260464,警恶惩奸，维护世界和平这个任务就交给你了，好吗？
看不见的客人,奥里奥尔·保罗 Oriol Paulo,2016,西班牙,剧情 犯罪 悬疑 惊悚,8.8,1379428,你以为你以为的就是你以为的。
哈利·波特与阿兹卡班的囚徒,阿方索·卡隆 Alfonso Cuarón,2004,英国 美国,奇幻 冒险,9.0,839523,不一样的导演，不一样的哈利·波特。
拯救大兵瑞恩,史蒂文·斯皮尔伯格 Steven Spielberg,1998,美国,剧情 战争,9.1,695501,
小鞋子,马基德·马基迪 Majid Majidi,1997,伊朗,剧情 儿童 家庭,9.2,443999,
沉默的羔羊,乔纳森·戴米 Jonathan Demme,1991,美国,剧情 犯罪 惊悚,8.9,970383,
飞越疯人院,米洛斯·福尔曼 Miloš Forman,1975,美国,剧情,9.1,582733,
布达佩斯大饭店,韦斯·安德森 Wes Anderson,2014,美国 德国 英国,剧情 喜剧 冒险,8.9,1032068,小清新的故事里注入了大历史的情怀。
蝴蝶效应,埃里克·布雷斯 Eric Bress / J·麦基·格鲁伯 J. Mackye Gruber   主...,2004,美国 加拿大,剧情 悬疑 科幻 惊悚,8.9,1018339,人的命运被自己瞬间的抉择改变。
禁闭岛,Martin Scorsese,2010,美国,剧情 悬疑 惊悚,8.9,1062838,昔日翩翩少年，今日大腹便便。
致命魔术,克里斯托弗·诺兰 Christopher Nolan,2006,英国 美国,剧情 悬疑 惊悚,8.9,926784,孪生蝙蝠侠大战克隆金刚狼。
心灵捕手,格斯·范·桑特 Gus Van Sant,1997,美国,剧情,9.0,781758,
低俗小说,昆汀·塔伦蒂诺 Quentin Tarantino,1994,美国,剧情 喜剧 犯罪,8.9,912670,
超脱,托尼·凯耶 Tony Kaye,2011,美国,剧情,9.0,680830,穷尽一生，我们要学会的，不过是彼此拥抱。
摩登时代,查理·卓别林 Charles Chaplin,1936,美国,剧情 喜剧 爱情,9.3,329550,大时代中的人生，小人物的悲喜。
哈利·波特与密室,Chris Columbus,2002,英国 美国,奇幻 冒险,8.9,865056,
喜剧之王,周星驰 Stephen Chow / 李力持 Lik-Chi Lee,1999,中国香港,喜剧 剧情 爱情,8.8,1044482,
春光乍泄,王家卫 Kar Wai Wong,1997,中国香港 日本 韩国,剧情 爱情 同性,9.0,681417,
致命ID,詹姆斯·曼高德 James Mangold,2003,美国,剧情 悬疑 惊悚,8.9,902087,
杀人回忆,奉俊昊 Joon-ho Bong,2003,韩国,剧情 动作 犯罪 悬疑 惊悚,8.9,792163,
海豚湾,路易·西霍尤斯 Louie Psihoyos,2009,美国,纪录片,9.3,373518,海豚的微笑，是世界上最高明的伪装。
美国往事,赛尔乔·莱翁内 Sergio Leone,1984,美国 意大利,犯罪 剧情,9.1,450288,
一一,杨德昌 Edward Yang,2000,中国台湾 日本,剧情 爱情 家庭,9.1,457542,
加勒比海盗,戈尔·维宾斯基 Gore Verbinski,2003,美国,动作 冒险 奇幻,8.8,927114,
红辣椒,今敏 Satoshi Kon,2006,日本,动画 悬疑 科幻 惊悚,9.0,531339,梦的勾结。
七宗罪,大卫·芬奇 David Fincher,1995,美国,剧情 犯罪 悬疑 惊悚,8.8,1012311,
唐伯虎点秋香,李力持 Lik-Chi Lee,1993,中国香港,喜剧 爱情 古装,8.7,1171088,
狩猎,托马斯·温特伯格 Thomas Vinterberg,2012,丹麦 瑞典,剧情,9.1,440523,人言可畏。
7号房的礼物,李焕庆 Hwan-kyeong Lee,2013,韩国,剧情 喜剧 家庭,8.9,599516,《我是山姆》的《美丽人生》。
甜蜜蜜,陈可辛 Peter Chan,1996,中国香港,剧情 爱情,8.9,631791,
蝙蝠侠：黑暗骑士崛起,克里斯托弗·诺兰 Christopher Nolan,2012,美国 英国,剧情 动作 科幻 犯罪 惊悚,8.9,780403,诺兰就是保证。
被嫌弃的松子的一生,中岛哲也 Tetsuya Nakashima,2006,日本,剧情 歌舞,8.8,748529,以戏谑来戏谑戏谑。
爱在黎明破晓前,理查德·林克莱特 Richard Linklater,1995,美国 奥地利 瑞士,剧情 爱情,8.8,755529,
超能陆战队,唐·霍尔 Don Hall / 克里斯·威廉姆斯 Chris Williams,2014,美国,喜剧 动作 科幻 动画 冒险,8.8,1098137,Balalala~~~
寄生虫,奉俊昊 Joon-ho Bong,2019,韩国,剧情,8.8,1481600,
第六感,M·奈特·沙马兰 M. Night Shyamalan,1999,美国,剧情 悬疑 惊悚,8.9,607145,
天书奇谭,王树忱 Shuchen Wang / 钱运达 Yunda Qian,1983(中国大陆),中国大陆,动画 奇幻,9.2,307400,
重庆森林,王家卫 Kar Wai Wong,1994,中国香港,剧情 爱情,8.8,882321,
爱在日落黄昏时,理查德·林克莱特 Richard Linklater,2004,美国 法国,剧情 爱情,8.9,619185,九年后的重逢是世俗和责任的交叠，没了悸动和青涩，沧桑而温暖。
幽灵公主,宫崎骏 Hayao Miyazaki,1997,日本,动画 奇幻 冒险,8.9,567626,
入殓师,泷田洋二郎 Yôjirô Takita,2008,日本,剧情,8.9,720310,死可能是一道门，逝去并不是终结，而是超越，走向下一程。
剪刀手爱德华,蒂姆·波顿 Tim Burton,1990,美国,剧情 爱情 奇幻,8.7,1091188,
断背山,李安 Ang Lee,2005,美国 加拿大,剧情 爱情 同性 家庭,8.8,752897,每个人心中都有一座断背山。
勇敢的心,梅尔·吉布森 Mel Gibson,1995,美国,动作 传记 剧情 历史 战争,8.9,588457,
菊次郎的夏天,北野武 Takeshi Kitano,1999,日本,剧情 喜剧,8.9,647295,
未麻的部屋,今敏 Satoshi Kon,1997,日本,剧情 犯罪 动画 悬疑 惊悚,9.1,395169,
借东西的小人阿莉埃蒂,米林宏昌 Hiromasa Yonebayashi,2010,日本,动画 奇幻 冒险,8.9,600576,曾经的那段美好会沉淀为一辈子的记忆。
哈利·波特与火焰杯,迈克·内威尔 Mike Newell,2005,英国 美国,悬疑 奇幻 冒险,8.8,755975,
茶馆,谢添 Tian Xie,1982(中国大陆),中国大陆,剧情 历史,9.6,185373,
消失的爱人,大卫·芬奇 David Fincher,2014,美国,剧情 犯罪 悬疑 惊悚,8.7,1032896,年度最佳date movie。
时空恋旅人,理查德·柯蒂斯 Richard Curtis,2013,英国 美国,喜剧 爱情 奇幻,8.8,747486,把每天当作最后一天般珍惜度过，积极拥抱生活，就是幸福。
无人知晓,是枝裕和 Hirokazu Koreeda,2004,日本,剧情,9.1,355553,我的平常生活就是他人的幸福。
倩女幽魂,程小东 Siu-Tung Ching,1987,中国香港,爱情 奇幻 武侠 古装,8.8,789661,
阳光灿烂的日子,姜文 Wen Jiang,1994,中国大陆 中国香港,剧情 爱情,8.8,664877,
完美的世界,克林特·伊斯特伍德 Clint Eastwood,1993,美国,剧情 犯罪,9.1,344762,
头脑特工队,彼特·道格特 Pete Docter / 罗纳尔多·德尔·卡门 Ronaldo Del Carmen  &nb...,2015,美国,喜剧 动画 冒险,8.8,742483,愿我们都不用长大，每一座城堡都能永远存在。
天使爱美丽,让-皮埃尔·热内 Jean-Pierre Jeunet,2001,法国 德国,剧情 喜剧 爱情,8.7,996882,
小森林 夏秋篇,森淳一 Junichi Mori,2014,日本,剧情,9.0,455667,那些静得只能听见呼吸的日子里，你明白孤独即生活。
驯龙高手,迪恩·德布洛斯 Dean DeBlois / 克里斯·桑德斯 Chris Sanders,2010,美国,动画 奇幻 冒险,8.8,817495,和谐的生活离不开摸头与被摸头。
新世界,朴勋政 Hoon-jung Park,2013,韩国,剧情 犯罪,8.9,497381,要做就做得狠一点，这样才能活下去。
请以你的名字呼唤我,卢卡·瓜达尼诺 Luca Guadagnino,2017,意大利 法国 巴西 美国,剧情 爱情 同性,8.8,787663,沉醉在电影的情感和视听氛围中无法自拔。
侧耳倾听,近藤喜文 Yoshifumi Kondo,1995,日本,剧情 爱情 动画,8.9,500810,
怪兽电力公司,彼特·道格特 Pete Docter / 大卫·斯沃曼 David Silverman,2001,美国,儿童 喜剧 动画 奇幻 冒险,8.8,735350,
傲慢与偏见,乔·怀特 Joe Wright,2005,法国 英国 美国,剧情 爱情,8.7,876365,爱是摈弃傲慢与偏见之后的曙光。
教父3,弗朗西斯·福特·科波拉 Francis Ford Coppola,1990,美国,剧情 犯罪,9.0,410384,
玩具总动员3,李·昂克里奇 Lee Unkrich,2010,美国,喜剧 动画 奇幻 冒险,8.9,564498,跨度十五年的欢乐与泪水。
一个叫欧维的男人决定去死,汉内斯·赫尔姆 Hannes Holm,2015,瑞典,剧情,8.9,534368,惠及一生的美丽。
幸福终点站,史蒂文·斯皮尔伯格 Steven Spielberg,2004,美国,喜剧 剧情 爱情,8.8,616030,有时候幸福需要等一等。 
色，戒,李安 Ang Lee,2007,中国台湾 中国大陆 美国 中国香港,剧情 爱情 情色,8.7,908390,假戏真情，爱欲深海
小森林 冬春篇,森淳一 Junichi Mori,2015,日本,剧情,9.0,405561,尊敬他人，尊敬你生活的这片土地，明白孤独是人生的常态。
被解救的姜戈,昆汀·塔伦蒂诺 Quentin Tarantino,2012,美国,剧情 动作 西部 冒险,8.8,660372,热血沸腾，那个低俗、性感的无耻混蛋又来了。
釜山行,延尚昊 Sang-ho Yeon,2016,韩国,动作 惊悚 灾难,8.6,1295642,揭露人性的丧尸题材力作。
哪吒闹海,王树忱 Shuchen Wang / 严定宪 Dingxian Yan,1979,中国大陆,冒险 动画 奇幻,9.2,289041,
神偷奶爸,皮艾尔·柯芬 Pierre Coffin / 克里斯·雷纳德 Chris Renaud,2010,美国 法国,喜剧 动画 冒险,8.7,1012206,Mr. I Don't Care其实也有Care的时候。
九品芝麻官,王晶 Jing Wong,1994,中国香港 中国大陆,剧情 喜剧 古装,8.8,753363,
花样年华,王家卫 Kar Wai Wong,2000,中国香港,剧情 爱情,8.8,711866,
萤火之森,大森贵弘 Takahiro Omori,2011,日本,剧情 爱情 动画 奇幻,8.8,584948,触不到的恋人。
告白,中岛哲也 Tetsuya Nakashima,2010,日本,剧情 悬疑,8.8,715670,没有一人完全善，也没有一人完全恶。
喜宴,李安 Ang Lee,1993,中国台湾 美国,剧情 喜剧 爱情 同性 家庭,9.0,404425,
玛丽和马克思,亚当·艾略特 Adam Elliot,2009,澳大利亚 美国,剧情 喜剧 动画,9.0,444498,你是我最好的朋友，你是我唯一的朋友 。
模仿游戏,莫滕·泰杜姆 Morten Tyldum,2014,英国 美国,剧情 传记 战争 同性,8.8,697227,他给机器起名“克里斯托弗”，因为这是他初恋的名字。
头号玩家,史蒂文·斯皮尔伯格 Steven Spielberg,2018,美国,动作 科幻 冒险,8.6,1460118,写给影迷，动漫迷和游戏迷的一封情书。
大鱼,蒂姆·波顿 Tim Burton,2003,美国,剧情 爱情 奇幻 冒险,8.8,605425,
七武士,黑泽明 Akira Kurosawa,1954,日本,动作 冒险 剧情,9.3,219656,
射雕英雄传之东成西就,刘镇伟 Jeffrey Lau,1993,中国香港,喜剧 奇幻 武侠 古装,8.7,690357,
惊魂记,阿尔弗雷德·希区柯克 Alfred Hitchcock,1960,美国,悬疑 惊悚 恐怖,9.0,334138,
我是山姆,杰茜·尼尔森 Jessie Nelson,2001,美国,剧情 家庭,9.0,362686,
血战钢锯岭,梅尔·吉布森 Mel Gibson,2016,澳大利亚 美国,剧情 传记 历史 战争,8.7,830957,优秀的战争片不会美化战场，不会粉饰死亡，不会矮化敌人，不会无视常识，最重要的，不会宣扬战争。
阳光姐妹淘,姜炯哲 Hyeong-Cheol Kang,2011,韩国,剧情 喜剧,8.8,619211,再多各自牛逼的时光，也比不上一起傻逼的岁月。 
你的名字。,新海诚 Makoto Shinkai,2016,日本,剧情 爱情 动画,8.5,1531433,穿越错位的时空，仰望陨落的星辰，你没留下你的名字，我却无法忘记那句“我爱你”。
恐怖直播,金秉祐 Byeong-woo Kim,2013,韩国,剧情 犯罪 悬疑,8.7,702496,恐怖分子的“秋菊打官司”。
黑客帝国3：矩阵革命,拉娜·沃卓斯基 Lana Wachowski / 莉莉·沃卓斯基 Lilly Wachowski   ...,2003,美国,动作 科幻,8.8,478726,
电锯惊魂,詹姆斯·温 James Wan,2004,美国,悬疑 惊悚 恐怖,8.7,583730,真相就在眼前。
背靠背，脸对脸,黄建新 Jianxin Huang / 杨亚洲 Yazhou Yang,1994,中国大陆 中国香港,剧情,9.5,163015,
三块广告牌,马丁·麦克唐纳 Martin McDonagh,2017,英国 美国,剧情 犯罪,8.7,884328,怼天怼地，你走后，她与世界为敌。
达拉斯买家俱乐部,让-马克·瓦雷 Jean-Marc Vallée,2013,美国,剧情 传记 同性,8.8,487034,Jared Leto的腿比女人还美！
小丑,托德·菲利普斯 Todd Phillips,2019,美国 加拿大,剧情 犯罪 惊悚,8.7,1090900,
谍影重重3,保罗·格林格拉斯 Paul Greengrass,2007,美国 德国 法国 英国,动作 悬疑 惊悚,8.9,450501,像吃了苏打饼一样干脆的电影。
疯狂原始人,科克·德·米科 Kirk De Micco / 克里斯·桑德斯 Chris Sanders   主演...,2013,美国,喜剧 动画 冒险,8.7,891897,老少皆宜，这就是好莱坞动画的魅力。
心灵奇旅,彼特·道格特 Pete Docter / 凯普·鲍尔斯 Kemp Powers,2020,美国,动画 奇幻 音乐,8.7,1081422,
绿里奇迹,弗兰克·德拉邦特 Frank Darabont,1999,美国,犯罪 剧情 奇幻 悬疑,8.9,368631,
爱在午夜降临前,理查德·林克莱特 Richard Linklater,2013,美国 希腊,剧情 爱情,8.9,447259,所谓爱情，就是话唠一路，都不会心生腻烦，彼此嫌弃。
上帝之城,费尔南多·梅里尔斯 Fernando Meirelles / 卡迪亚·兰德 Kátia Lund  &nbsp...,2002,巴西 法国,犯罪 剧情,9.0,321928,
海街日记,是枝裕和 Hirokazu Koreeda,2015,日本,剧情 家庭,8.8,495481,是枝裕和的家庭习作。
英雄本色,吴宇森 John Woo,1986,中国香港,剧情 动作 犯罪,8.6,583921,
无间道2,刘伟强 / 麦兆辉,2003,中国香港,剧情 犯罪 惊悚,8.8,536519,
风之谷,宫崎骏 Hayao Miyazaki,1984,日本,动画 奇幻 冒险,8.9,379447,
疯狂的石头,宁浩 Hao Ning,2006,中国大陆 中国香港,喜剧 犯罪,8.6,889435,中国版《两杆大烟枪》。
心迷宫,忻钰坤 Yukun Xin,2014,中国大陆,剧情 犯罪 悬疑,8.7,584076,荒诞讽刺，千奇百巧，抽丝剥茧，百转千回。
2001太空漫游,斯坦利·库布里克 Stanley Kubrick,1968,英国 美国,科幻 惊悚 冒险,8.9,371130,
雨中曲,斯坦利·多南 Stanley Donen / 吉恩·凯利 Gene Kelly,1952,美国,喜剧 歌舞 爱情,9.1,252609,
纵横四海,吴宇森 John Woo,1991,中国香港,剧情 喜剧 动作 犯罪,8.8,458088,
记忆碎片,克里斯托弗·诺兰 Christopher Nolan,2000,美国,犯罪 剧情 悬疑 惊悚,8.7,645516,
卢旺达饭店,特瑞·乔治 Terry George,2004,英国 南非 意大利 美国,剧情 传记 历史 战争,8.9,354531,当这个世界闭上双眼，他却敞开了怀抱。
无敌破坏王,瑞奇·莫尔 Rich Moore,2012,美国,喜剧 动画 奇幻 冒险,8.7,587254,迪士尼和皮克斯拿错剧本的产物。
小偷家族,是枝裕和 Hirokazu Koreeda,2018,日本,剧情 犯罪 家庭,8.7,869331,我们组成了家。
末路狂花,雷德利·斯科特 Ridley Scott,1991,美国 英国 法国,犯罪 剧情 惊悚,9.0,310433,
冰川时代,卡洛斯·沙尔丹哈 Carlos Saldanha / 克里斯·韦奇 Chris Wedge   主演...,2002,美国,喜剧 动画 冒险,8.6,661578,
牯岭街少年杀人事件,杨德昌 Edward Yang,1991,中国台湾,剧情 犯罪,8.9,342849,
岁月神偷,罗启锐 Alex Law,2010,中国香港 中国大陆,剧情 家庭,8.7,599953,岁月流逝，来日可追。
恐怖游轮,克里斯托弗·史密斯 Christopher Smith,2009,英国 澳大利亚,剧情 悬疑 惊悚,8.5,945222,不要企图在重复中寻找已经失去的爱。
东京教父,今敏 Satoshi Kon,2003,日本,剧情 喜剧 动画,9.0,269868,
忠犬八公物语,神山征二郎 Seijirô Kôyama,1987,日本,剧情,9.2,210583,
魔女宅急便,宫崎骏 Hayao Miyazaki,1989,日本,动画 奇幻 冒险,8.7,501076,
高山下的花环,谢晋 Jin Xie,1984(中国大陆),中国大陆,剧情 战争,9.5,133426,
荒蛮故事,达米安·斯兹弗隆 Damián Szifron,2014,阿根廷 西班牙,剧情 喜剧 犯罪,8.8,476608,始于荒诞，止于更荒诞。
遗愿清单,罗伯·莱纳 Rob Reiner,2007,美国,冒险 喜剧 剧情,8.7,510237,用剩余不多的时间，去燃烧整个生命。
大佛普拉斯,黄信尧 Hsin-yao Huang,2017,中国台湾,剧情 喜剧,8.7,522565,人们可以登上月球，却永远无法探索人们内心的宇宙。
贫民窟的百万富翁,丹尼·鲍尔 Danny Boyle / 洛芙琳·坦丹 Loveleen Tandan,2008,英国,剧情 爱情,8.6,786570,上帝之城+猜火车+阿甘正传+开心辞典=山寨富翁
东邪西毒,王家卫 Kar Wai Wong,1994,中国香港 中国台湾,剧情 动作 爱情 武侠 古装,8.6,614126,
你看起来好像很好吃,藤森雅也 Masaya Fujimori,2010,日本,剧情 动画 儿童,8.9,359152,感情不分食草或者食肉。
源代码,邓肯·琼斯 Duncan Jones,2011,美国 加拿大,科幻 悬疑 惊悚,8.6,892697,邓肯·琼斯继《月球》之后再度奉献出一部精彩绝伦的科幻佳作。
疯狂的麦克斯4：狂暴之路,乔治·米勒 George Miller,2015,澳大利亚 美国,动作 科幻 冒险,8.7,592947,“多么美好的一天！”轰轰轰砰咚，啪哒哒哒轰隆隆，磅~
可可西里,陆川 Chuan Lu,2004,中国大陆 中国香港,剧情 犯罪,8.9,330266,坚硬的信仰。
爆裂鼓手,达米恩·查泽雷 Damien Chazelle,2014,美国,剧情 音乐,8.6,658520,这个世界从不善待努力的人，努力了也不一定会成功，但是知道自己在努力，就是活下去的动力。
城市之光,Charles Chaplin,1931,美国,喜剧 剧情 爱情,9.3,162659,
芙蓉镇,谢晋 Jin Xie,1987,中国大陆,剧情 爱情,9.3,170560,
波西米亚狂想曲,布莱恩·辛格 Bryan Singer,2018,英国 美国,剧情 传记 同性 音乐,8.6,661633,
黑天鹅,达伦·阿罗诺夫斯基 Darren Aronofsky,2010,美国,剧情 惊悚,8.6,821751,黑暗之美。
花束般的恋爱,土井裕泰 Nobuhiro Doi,2021,日本,剧情 爱情,8.6,754493,
青蛇,徐克 Hark Tsui,1993,中国香港 中国大陆,剧情 爱情 奇幻 古装,8.6,568898,
爱乐之城,达米恩·查泽雷 Damien Chazelle,2016,美国,剧情 爱情 歌舞,8.4,1038065,
终结者2：审判日,詹姆斯·卡梅隆 James Cameron,1991,美国 法国,动作 科幻,8.8,367519,
初恋这件小事,普特鹏·普罗萨卡·那·萨克那卡林 Puttipong Promsaka Na Sakolnakorn / 华森·波克彭...,2010,泰国,剧情 喜剧 爱情,8.5,1026303,黑小鸭速效美白记。
哈利·波特与死亡圣器(上),大卫·叶茨 David Yates,2010,英国 美国,奇幻 冒险,8.6,657587,最忠于原著的一部。
雨人,巴瑞·莱文森 Barry Levinson,1988,美国,剧情,8.7,429776,
白日梦想家,本·斯蒂勒 Ben Stiller,2013,美国 英国,剧情 喜剧 冒险,8.6,589983,
人工智能,史蒂文·斯皮尔伯格 Steven Spielberg,2001,美国 英国,剧情 科幻,8.7,481906,
真爱至上,理查德·柯蒂斯 Richard Curtis,2003,英国 美国 法国,喜剧 剧情 爱情,8.5,783989,
新龙门客栈,李惠民 Raymond Lee,1992,中国香港 中国大陆,动作 爱情 武侠 古装,8.7,484249,
无耻混蛋,昆汀·塔伦蒂诺 Quentin Tarantino,2009,德国 美国,剧情 犯罪,8.7,526232,昆汀同学越来越变态了，比北野武还杜琪峰。
虎口脱险,杰拉尔·乌里 Gérard Oury,1966,法国 英国,喜剧 战争,8.9,281540,
崖上的波妞,宫崎骏 Hayao Miyazaki,2008,日本,动画 奇幻 冒险,8.6,546734,
恋恋笔记本,尼克·卡索维茨 Nick Cassavetes,2004,美国,剧情 爱情,8.5,722468,爱情没有那么多借口，如果不能圆满，只能说明爱的不够。 
罗生门,黑泽明 Akira Kurosawa,1950,日本,剧情 犯罪 悬疑,8.8,342340,
千钧一发,安德鲁·尼科尔 Andrew Niccol,1997,美国,剧情 科幻 惊悚,8.8,330229,
大红灯笼高高挂,张艺谋 Yimou Zhang,1991,中国大陆 中国香港 中国台湾,剧情,8.8,336630,
彗星来的那一夜,詹姆斯·沃德·布柯特 James Ward Byrkit,2013,美国 英国,科幻 悬疑 惊悚,8.6,647030,小成本大魅力。
海边的曼彻斯特,肯尼斯·罗纳根 Kenneth Lonergan,2016,美国,剧情 家庭,8.6,615037,我们都有权利不与自己的过去和解。
哈利·波特与凤凰社,大卫·叶茨 David Yates,2007,英国 美国,奇幻 冒险,8.5,656166,
黑客帝国2：重装上阵,拉娜·沃卓斯基 Lana Wachowski / 莉莉·沃卓斯基 Lilly Wachowski   ...,2003,美国,动作 科幻,8.7,436978,
火星救援,雷德利·斯科特 Ridley Scott,2015,英国 美国 匈牙利 约旦,剧情 科幻 冒险,8.5,796482,
萤火虫之墓,高畑勋 Isao Takahata,1988,日本,动画 剧情 战争,8.7,426817,
奇迹男孩,斯蒂芬·卓博斯基 Stephen Chbosky,2017,美国 中国香港,剧情 儿童 家庭,8.6,583315,世界不完美，爱会有奇迹。
战争之王,安德鲁·尼科尔 Andrew Niccol,2005,美国 德国,剧情 犯罪,8.7,399008,做一颗让别人需要你的棋子。
步履不停,是枝裕和 Hirokazu Koreeda,2008,日本,剧情 家庭,8.8,307391,日本的家庭电影已经是世界巅峰了，步履不停是巅峰中的佳作。
千年女优,今敏 Satoshi Kon,2001,日本,动画 剧情 爱情,8.8,301225,
血钻,爱德华·兹威克 Edward Zwick,2006,美国 德国 英国,剧情 惊悚 冒险,8.7,407537,每个美丽事物背后都是滴血的现实。
谍影重重2,保罗·格林格拉斯 Paul Greengrass,2004,美国 德国,动作 悬疑 惊悚,8.7,381473,谁说王家卫镜头很晃？
蜘蛛侠：平行宇宙,鲍勃·佩尔西凯蒂 Bob Persichetti / 彼得·拉姆齐 Peter Ramsey   主...,2018,美国,动作 科幻 动画 冒险,8.6,726161,
魂断蓝桥,茂文·勒鲁瓦 Mervyn LeRoy,1940,美国,剧情 爱情 战争,8.8,299269,
房间,伦尼·阿伯拉罕森 Lenny Abrahamson,2015,爱尔兰 加拿大 英国 美国,剧情 家庭,8.8,389439,被偷走的岁月，被伤害的生命，被禁锢的灵魂，终将被希望和善意救赎。
弱点,约翰·李·汉考克 John Lee Hancock,2009,美国,剧情 家庭 传记 运动,8.7,341535,拍掉身上的悲伤，从今天开始重新踏上追梦之旅。
谍影重重,道格·里曼 Doug Liman,2002,美国 德国 捷克,动作 悬疑 惊悚,8.6,464648,
隐藏人物,特奥多尔·梅尔菲 Theodore Melfi,2016,美国,剧情 传记 历史,8.9,251141,
冰雪奇缘,克里斯·巴克 Chris Buck / 珍妮弗·李 Jennifer Lee,2013,美国,喜剧 动画 奇幻 歌舞,8.5,765236,
朗读者,史蒂芬·戴德利 Stephen Daldry,2008,美国 德国,剧情 爱情,8.6,476760,
哪吒之魔童降世,饺子 Yu Yang,2019,中国大陆,剧情 喜剧 动画 奇幻,8.4,1988218,
